Plus Sign<br/><br/>What does this glyph look like?,+ <br/><br/><a href='https://help.dyalog.com/18.2/Content/Language/Symbols/Plus Sign.htm'>Take me to symbol documentation</a>,Name->Sym
Monadic: Conjugate<br/><br/>What does this glyph look like?,+ <br/><br/><a href='https://help.dyalog.com/18.2/Content/Language/Symbols/Plus Sign.htm'>Take me to symbol documentation</a>,Name->Sym
Dyadic: Plus<br/><br/>What does this glyph look like?,+ <br/><br/><a href='https://help.dyalog.com/18.2/Content/Language/Symbols/Plus Sign.htm'>Take me to symbol documentation</a>,Name->Sym
+<br/><br/>What is this glyph called?  What's the Monadic/Dyadic names?,Plus Sign <br/> Monadic: Conjugate <br/> Dyadic: Plus <br/><br/><a href='https://help.dyalog.com/18.2/Content/Language/Symbols/Plus Sign.htm'>Take me to symbol documentation</a>,Sym->Name
Minus Sign;Bar<br/><br/>What does this glyph look like?,- <br/><br/><a href='https://help.dyalog.com/18.2/Content/Language/Symbols/Minus Sign.htm'>Take me to symbol documentation</a>,Name->Sym
Monadic: Negate<br/><br/>What does this glyph look like?,- <br/><br/><a href='https://help.dyalog.com/18.2/Content/Language/Symbols/Minus Sign.htm'>Take me to symbol documentation</a>,Name->Sym
Dyadic: Minus;Subtract<br/><br/>What does this glyph look like?,- <br/><br/><a href='https://help.dyalog.com/18.2/Content/Language/Symbols/Minus Sign.htm'>Take me to symbol documentation</a>,Name->Sym
-<br/><br/>What is this glyph called?  What's the Monadic/Dyadic names?,Minus Sign;Bar <br/> Monadic: Negate <br/> Dyadic: Minus;Subtract <br/><br/><a href='https://help.dyalog.com/18.2/Content/Language/Symbols/Minus Sign.htm'>Take me to symbol documentation</a>,Sym->Name
Times Sign<br/><br/>What does this glyph look like?,× <br/><br/><a href='https://help.dyalog.com/18.2/Content/Language/Symbols/Times Sign.htm'>Take me to symbol documentation</a>,Name->Sym
Monadic: Direction<br/><br/>What does this glyph look like?,× <br/><br/><a href='https://help.dyalog.com/18.2/Content/Language/Symbols/Times Sign.htm'>Take me to symbol documentation</a>,Name->Sym
Dyadic: Times<br/><br/>What does this glyph look like?,× <br/><br/><a href='https://help.dyalog.com/18.2/Content/Language/Symbols/Times Sign.htm'>Take me to symbol documentation</a>,Name->Sym
×<br/><br/>What is this glyph called?  What's the Monadic/Dyadic names?,Times Sign <br/> Monadic: Direction <br/> Dyadic: Times <br/><br/><a href='https://help.dyalog.com/18.2/Content/Language/Symbols/Times Sign.htm'>Take me to symbol documentation</a>,Sym->Name
Divide Sign<br/><br/>What does this glyph look like?,÷ <br/><br/><a href='https://help.dyalog.com/18.2/Content/Language/Symbols/Divide Sign.htm'>Take me to symbol documentation</a>,Name->Sym
Monadic: Reciprocal<br/><br/>What does this glyph look like?,÷ <br/><br/><a href='https://help.dyalog.com/18.2/Content/Language/Symbols/Divide Sign.htm'>Take me to symbol documentation</a>,Name->Sym
Dyadic: Divided By<br/><br/>What does this glyph look like?,÷ <br/><br/><a href='https://help.dyalog.com/18.2/Content/Language/Symbols/Divide Sign.htm'>Take me to symbol documentation</a>,Name->Sym
÷<br/><br/>What is this glyph called?  What's the Monadic/Dyadic names?,Divide Sign <br/> Monadic: Reciprocal <br/> Dyadic: Divided By <br/><br/><a href='https://help.dyalog.com/18.2/Content/Language/Symbols/Divide Sign.htm'>Take me to symbol documentation</a>,Sym->Name
Stile;Vertical Bar<br/><br/>What does this glyph look like?,| <br/><br/><a href='https://help.dyalog.com/18.2/Content/Language/Symbols/Stile.htm'>Take me to symbol documentation</a>,Name->Sym
Monadic: Magnitude<br/><br/>What does this glyph look like?,| <br/><br/><a href='https://help.dyalog.com/18.2/Content/Language/Symbols/Stile.htm'>Take me to symbol documentation</a>,Name->Sym
Dyadic: Residue;Modulus<br/><br/>What does this glyph look like?,| <br/><br/><a href='https://help.dyalog.com/18.2/Content/Language/Symbols/Stile.htm'>Take me to symbol documentation</a>,Name->Sym
|<br/><br/>What is this glyph called?  What's the Monadic/Dyadic names?,Stile;Vertical Bar <br/> Monadic: Magnitude <br/> Dyadic: Residue;Modulus <br/><br/><a href='https://help.dyalog.com/18.2/Content/Language/Symbols/Stile.htm'>Take me to symbol documentation</a>,Sym->Name
Upstile<br/><br/>What does this glyph look like?,⌈ <br/><br/><a href='https://help.dyalog.com/18.2/Content/Language/Symbols/Upstile.htm'>Take me to symbol documentation</a>,Name->Sym
Monadic: Ceiling<br/><br/>What does this glyph look like?,⌈ <br/><br/><a href='https://help.dyalog.com/18.2/Content/Language/Symbols/Upstile.htm'>Take me to symbol documentation</a>,Name->Sym
Dyadic: Maximum<br/><br/>What does this glyph look like?,⌈ <br/><br/><a href='https://help.dyalog.com/18.2/Content/Language/Symbols/Upstile.htm'>Take me to symbol documentation</a>,Name->Sym
⌈<br/><br/>What is this glyph called?  What's the Monadic/Dyadic names?,Upstile <br/> Monadic: Ceiling <br/> Dyadic: Maximum <br/><br/><a href='https://help.dyalog.com/18.2/Content/Language/Symbols/Upstile.htm'>Take me to symbol documentation</a>,Sym->Name
Downstile<br/><br/>What does this glyph look like?,⌊ <br/><br/><a href='https://help.dyalog.com/18.2/Content/Language/Symbols/Downstile.htm'>Take me to symbol documentation</a>,Name->Sym
Monadic: Floor<br/><br/>What does this glyph look like?,⌊ <br/><br/><a href='https://help.dyalog.com/18.2/Content/Language/Symbols/Downstile.htm'>Take me to symbol documentation</a>,Name->Sym
Dyadic: Minimum<br/><br/>What does this glyph look like?,⌊ <br/><br/><a href='https://help.dyalog.com/18.2/Content/Language/Symbols/Downstile.htm'>Take me to symbol documentation</a>,Name->Sym
⌊<br/><br/>What is this glyph called?  What's the Monadic/Dyadic names?,Downstile <br/> Monadic: Floor <br/> Dyadic: Minimum <br/><br/><a href='https://help.dyalog.com/18.2/Content/Language/Symbols/Downstile.htm'>Take me to symbol documentation</a>,Sym->Name
Star<br/><br/>What does this glyph look like?,* <br/><br/><a href='https://help.dyalog.com/18.2/Content/Language/Symbols/Star.htm'>Take me to symbol documentation</a>,Name->Sym
Monadic: Exponential<br/><br/>What does this glyph look like?,* <br/><br/><a href='https://help.dyalog.com/18.2/Content/Language/Symbols/Star.htm'>Take me to symbol documentation</a>,Name->Sym
Dyadic: Power<br/><br/>What does this glyph look like?,* <br/><br/><a href='https://help.dyalog.com/18.2/Content/Language/Symbols/Star.htm'>Take me to symbol documentation</a>,Name->Sym
*<br/><br/>What is this glyph called?  What's the Monadic/Dyadic names?,Star <br/> Monadic: Exponential <br/> Dyadic: Power <br/><br/><a href='https://help.dyalog.com/18.2/Content/Language/Symbols/Star.htm'>Take me to symbol documentation</a>,Sym->Name
Log;Circle Star<br/><br/>What does this glyph look like?,⍟ <br/><br/><a href='https://help.dyalog.com/18.2/Content/Language/Symbols/Log.htm'>Take me to symbol documentation</a>,Name->Sym
Monadic: Natural Logarithm<br/><br/>What does this glyph look like?,⍟ <br/><br/><a href='https://help.dyalog.com/18.2/Content/Language/Symbols/Log.htm'>Take me to symbol documentation</a>,Name->Sym
Dyadic: Logarithm<br/><br/>What does this glyph look like?,⍟ <br/><br/><a href='https://help.dyalog.com/18.2/Content/Language/Symbols/Log.htm'>Take me to symbol documentation</a>,Name->Sym
⍟<br/><br/>What is this glyph called?  What's the Monadic/Dyadic names?,Log;Circle Star <br/> Monadic: Natural Logarithm <br/> Dyadic: Logarithm <br/><br/><a href='https://help.dyalog.com/18.2/Content/Language/Symbols/Log.htm'>Take me to symbol documentation</a>,Sym->Name
Circle<br/><br/>What does this glyph look like?,○ <br/><br/><a href='https://help.dyalog.com/18.2/Content/Language/Symbols/Circle.htm'>Take me to symbol documentation</a>,Name->Sym
Monadic: Pi Times<br/><br/>What does this glyph look like?,○ <br/><br/><a href='https://help.dyalog.com/18.2/Content/Language/Symbols/Circle.htm'>Take me to symbol documentation</a>,Name->Sym
Dyadic: Circular Function (Trig)<br/><br/>What does this glyph look like?,○ <br/><br/><a href='https://help.dyalog.com/18.2/Content/Language/Symbols/Circle.htm'>Take me to symbol documentation</a>,Name->Sym
○<br/><br/>What is this glyph called?  What's the Monadic/Dyadic names?,Circle <br/> Monadic: Pi Times <br/> Dyadic: Circular Function (Trig) <br/><br/><a href='https://help.dyalog.com/18.2/Content/Language/Symbols/Circle.htm'>Take me to symbol documentation</a>,Sym->Name
Exclamation Mark;Quote Dot<br/><br/>What does this glyph look like?,! <br/><br/><a href='https://help.dyalog.com/18.2/Content/Language/Symbols/Exclamation Mark.htm'>Take me to symbol documentation</a>,Name->Sym
Monadic: Factorial<br/><br/>What does this glyph look like?,! <br/><br/><a href='https://help.dyalog.com/18.2/Content/Language/Symbols/Exclamation Mark.htm'>Take me to symbol documentation</a>,Name->Sym
Dyadic: Binomial<br/><br/>What does this glyph look like?,! <br/><br/><a href='https://help.dyalog.com/18.2/Content/Language/Symbols/Exclamation Mark.htm'>Take me to symbol documentation</a>,Name->Sym
!<br/><br/>What is this glyph called?  What's the Monadic/Dyadic names?,Exclamation Mark;Quote Dot <br/> Monadic: Factorial <br/> Dyadic: Binomial <br/><br/><a href='https://help.dyalog.com/18.2/Content/Language/Symbols/Exclamation Mark.htm'>Take me to symbol documentation</a>,Sym->Name
Question Mark;Query<br/><br/>What does this glyph look like?,? <br/><br/><a href='https://help.dyalog.com/18.2/Content/Language/Symbols/Question Mark.htm'>Take me to symbol documentation</a>,Name->Sym
Monadic: Roll<br/><br/>What does this glyph look like?,? <br/><br/><a href='https://help.dyalog.com/18.2/Content/Language/Symbols/Question Mark.htm'>Take me to symbol documentation</a>,Name->Sym
Dyadic: Deal<br/><br/>What does this glyph look like?,? <br/><br/><a href='https://help.dyalog.com/18.2/Content/Language/Symbols/Question Mark.htm'>Take me to symbol documentation</a>,Name->Sym
?<br/><br/>What is this glyph called?  What's the Monadic/Dyadic names?,Question Mark;Query <br/> Monadic: Roll <br/> Dyadic: Deal <br/><br/><a href='https://help.dyalog.com/18.2/Content/Language/Symbols/Question Mark.htm'>Take me to symbol documentation</a>,Sym->Name
Tilde<br/><br/>What does this glyph look like?,~ <br/><br/><a href='https://help.dyalog.com/18.2/Content/Language/Symbols/Tilde.htm'>Take me to symbol documentation</a>,Name->Sym
Monadic: Not<br/><br/>What does this glyph look like?,~ <br/><br/><a href='https://help.dyalog.com/18.2/Content/Language/Symbols/Tilde.htm'>Take me to symbol documentation</a>,Name->Sym
Dyadic: Without;Excluding<br/><br/>What does this glyph look like?,~ <br/><br/><a href='https://help.dyalog.com/18.2/Content/Language/Symbols/Tilde.htm'>Take me to symbol documentation</a>,Name->Sym
~<br/><br/>What is this glyph called?  What's the Monadic/Dyadic names?,Tilde <br/> Monadic: Not <br/> Dyadic: Without;Excluding <br/><br/><a href='https://help.dyalog.com/18.2/Content/Language/Symbols/Tilde.htm'>Take me to symbol documentation</a>,Sym->Name
Logical AND<br/><br/>What does this glyph look like?,∧ <br/><br/><a href='https://help.dyalog.com/18.2/Content/Language/Symbols/Logical And.htm'>Take me to symbol documentation</a>,Name->Sym
Dyadic: Lowest Common Multiple (AND)<br/><br/>What does this glyph look like?,∧ <br/><br/><a href='https://help.dyalog.com/18.2/Content/Language/Symbols/Logical And.htm'>Take me to symbol documentation</a>,Name->Sym
∧<br/><br/>What is this glyph called?  What's the Monadic/Dyadic names?,Logical AND <br/> Dyadic: Lowest Common Multiple (AND) <br/><br/><a href='https://help.dyalog.com/18.2/Content/Language/Symbols/Logical And.htm'>Take me to symbol documentation</a>,Sym->Name
Logical Or<br/><br/>What does this glyph look like?,∨ <br/><br/><a href='https://help.dyalog.com/18.2/Content/Language/Symbols/Logical Or.htm'>Take me to symbol documentation</a>,Name->Sym
Dyadic: Greatest Common Divisor (Or)<br/><br/>What does this glyph look like?,∨ <br/><br/><a href='https://help.dyalog.com/18.2/Content/Language/Symbols/Logical Or.htm'>Take me to symbol documentation</a>,Name->Sym
∨<br/><br/>What is this glyph called?  What's the Monadic/Dyadic names?,Logical Or <br/> Dyadic: Greatest Common Divisor (Or) <br/><br/><a href='https://help.dyalog.com/18.2/Content/Language/Symbols/Logical Or.htm'>Take me to symbol documentation</a>,Sym->Name
Logical NAND<br/><br/>What does this glyph look like?,⍲ <br/><br/><a href='https://help.dyalog.com/18.2/Content/Language/Symbols/Nand Symbol.htm'>Take me to symbol documentation</a>,Name->Sym
Dyadic: NAND<br/><br/>What does this glyph look like?,⍲ <br/><br/><a href='https://help.dyalog.com/18.2/Content/Language/Symbols/Nand Symbol.htm'>Take me to symbol documentation</a>,Name->Sym
⍲<br/><br/>What is this glyph called?  What's the Monadic/Dyadic names?,Logical NAND <br/> Dyadic: NAND <br/><br/><a href='https://help.dyalog.com/18.2/Content/Language/Symbols/Nand Symbol.htm'>Take me to symbol documentation</a>,Sym->Name
Logical NOR<br/><br/>What does this glyph look like?,⍱ <br/><br/><a href='https://help.dyalog.com/18.2/Content/Language/Symbols/Nor Symbol.htm'>Take me to symbol documentation</a>,Name->Sym
Dyadic: NOR<br/><br/>What does this glyph look like?,⍱ <br/><br/><a href='https://help.dyalog.com/18.2/Content/Language/Symbols/Nor Symbol.htm'>Take me to symbol documentation</a>,Name->Sym
⍱<br/><br/>What is this glyph called?  What's the Monadic/Dyadic names?,Logical NOR <br/> Dyadic: NOR <br/><br/><a href='https://help.dyalog.com/18.2/Content/Language/Symbols/Nor Symbol.htm'>Take me to symbol documentation</a>,Sym->Name
Less Than Sign<br/><br/>What does this glyph look like?,< <br/><br/><a href='https://help.dyalog.com/18.2/Content/Language/Symbols/Less Than Sign.htm'>Take me to symbol documentation</a>,Name->Sym
Dyadic: Less Than<br/><br/>What does this glyph look like?,< <br/><br/><a href='https://help.dyalog.com/18.2/Content/Language/Symbols/Less Than Sign.htm'>Take me to symbol documentation</a>,Name->Sym
<<br/><br/>What is this glyph called?  What's the Monadic/Dyadic names?,Less Than Sign <br/> Dyadic: Less Than <br/><br/><a href='https://help.dyalog.com/18.2/Content/Language/Symbols/Less Than Sign.htm'>Take me to symbol documentation</a>,Sym->Name
Less Than Or Equal To Sign<br/><br/>What does this glyph look like?,≤ <br/><br/><a href='https://help.dyalog.com/18.2/Content/Language/Symbols/Less Than Or Equal To Sign.htm'>Take me to symbol documentation</a>,Name->Sym
Dyadic: Is Less Or Equal To<br/><br/>What does this glyph look like?,≤ <br/><br/><a href='https://help.dyalog.com/18.2/Content/Language/Symbols/Less Than Or Equal To Sign.htm'>Take me to symbol documentation</a>,Name->Sym
≤<br/><br/>What is this glyph called?  What's the Monadic/Dyadic names?,Less Than Or Equal To Sign <br/> Dyadic: Is Less Or Equal To <br/><br/><a href='https://help.dyalog.com/18.2/Content/Language/Symbols/Less Than Or Equal To Sign.htm'>Take me to symbol documentation</a>,Sym->Name
Equal Sign<br/><br/>What does this glyph look like?,= <br/><br/><a href='https://help.dyalog.com/18.2/Content/Language/Symbols/Equal Sign.htm'>Take me to symbol documentation</a>,Name->Sym
Dyadic: Equal To<br/><br/>What does this glyph look like?,= <br/><br/><a href='https://help.dyalog.com/18.2/Content/Language/Symbols/Equal Sign.htm'>Take me to symbol documentation</a>,Name->Sym
=<br/><br/>What is this glyph called?  What's the Monadic/Dyadic names?,Equal Sign <br/> Dyadic: Equal To <br/><br/><a href='https://help.dyalog.com/18.2/Content/Language/Symbols/Equal Sign.htm'>Take me to symbol documentation</a>,Sym->Name
Greater Than Sign<br/><br/>What does this glyph look like?,> <br/><br/><a href='https://help.dyalog.com/18.2/Content/Language/Symbols/Greater Than Sign.htm'>Take me to symbol documentation</a>,Name->Sym
Dyadic: Greater Than<br/><br/>What does this glyph look like?,> <br/><br/><a href='https://help.dyalog.com/18.2/Content/Language/Symbols/Greater Than Sign.htm'>Take me to symbol documentation</a>,Name->Sym
><br/><br/>What is this glyph called?  What's the Monadic/Dyadic names?,Greater Than Sign <br/> Dyadic: Greater Than <br/><br/><a href='https://help.dyalog.com/18.2/Content/Language/Symbols/Greater Than Sign.htm'>Take me to symbol documentation</a>,Sym->Name
Greater Than Or Equal To Sign<br/><br/>What does this glyph look like?,≥ <br/><br/><a href='https://help.dyalog.com/18.2/Content/Language/Symbols/Greater Than Or Equal To Sign.htm'>Take me to symbol documentation</a>,Name->Sym
Dyadic: Is Greater Or Equal To<br/><br/>What does this glyph look like?,≥ <br/><br/><a href='https://help.dyalog.com/18.2/Content/Language/Symbols/Greater Than Or Equal To Sign.htm'>Take me to symbol documentation</a>,Name->Sym
≥<br/><br/>What is this glyph called?  What's the Monadic/Dyadic names?,Greater Than Or Equal To Sign <br/> Dyadic: Is Greater Or Equal To <br/><br/><a href='https://help.dyalog.com/18.2/Content/Language/Symbols/Greater Than Or Equal To Sign.htm'>Take me to symbol documentation</a>,Sym->Name
Not Equal<br/><br/>What does this glyph look like?,≠ <br/><br/><a href='https://help.dyalog.com/18.2/Content/Language/Symbols/Not Equal To.htm'>Take me to symbol documentation</a>,Name->Sym
Monadic: Unique Mask<br/><br/>What does this glyph look like?,≠ <br/><br/><a href='https://help.dyalog.com/18.2/Content/Language/Symbols/Not Equal To.htm'>Take me to symbol documentation</a>,Name->Sym
Dyadic: Not Equal To<br/><br/>What does this glyph look like?,≠ <br/><br/><a href='https://help.dyalog.com/18.2/Content/Language/Symbols/Not Equal To.htm'>Take me to symbol documentation</a>,Name->Sym
≠<br/><br/>What is this glyph called?  What's the Monadic/Dyadic names?,Not Equal <br/> Monadic: Unique Mask <br/> Dyadic: Not Equal To <br/><br/><a href='https://help.dyalog.com/18.2/Content/Language/Symbols/Not Equal To.htm'>Take me to symbol documentation</a>,Sym->Name
Equal Underbar<br/><br/>What does this glyph look like?,≡ <br/><br/><a href='https://help.dyalog.com/18.2/Content/Language/Symbols/Equal Underbar.htm'>Take me to symbol documentation</a>,Name->Sym
Monadic: Depth<br/><br/>What does this glyph look like?,≡ <br/><br/><a href='https://help.dyalog.com/18.2/Content/Language/Symbols/Equal Underbar.htm'>Take me to symbol documentation</a>,Name->Sym
Dyadic: Match<br/><br/>What does this glyph look like?,≡ <br/><br/><a href='https://help.dyalog.com/18.2/Content/Language/Symbols/Equal Underbar.htm'>Take me to symbol documentation</a>,Name->Sym
≡<br/><br/>What is this glyph called?  What's the Monadic/Dyadic names?,Equal Underbar <br/> Monadic: Depth <br/> Dyadic: Match <br/><br/><a href='https://help.dyalog.com/18.2/Content/Language/Symbols/Equal Underbar.htm'>Take me to symbol documentation</a>,Sym->Name
Equal Underbar Slash<br/><br/>What does this glyph look like?,≢ <br/><br/><a href='https://help.dyalog.com/18.2/Content/Language/Symbols/Equal Underbar Slash.htm'>Take me to symbol documentation</a>,Name->Sym
Monadic: Tally<br/><br/>What does this glyph look like?,≢ <br/><br/><a href='https://help.dyalog.com/18.2/Content/Language/Symbols/Equal Underbar Slash.htm'>Take me to symbol documentation</a>,Name->Sym
Dyadic: Not Match<br/><br/>What does this glyph look like?,≢ <br/><br/><a href='https://help.dyalog.com/18.2/Content/Language/Symbols/Equal Underbar Slash.htm'>Take me to symbol documentation</a>,Name->Sym
≢<br/><br/>What is this glyph called?  What's the Monadic/Dyadic names?,Equal Underbar Slash <br/> Monadic: Tally <br/> Dyadic: Not Match <br/><br/><a href='https://help.dyalog.com/18.2/Content/Language/Symbols/Equal Underbar Slash.htm'>Take me to symbol documentation</a>,Sym->Name
Rho<br/><br/>What does this glyph look like?,⍴ <br/><br/><a href='https://help.dyalog.com/18.2/Content/Language/Symbols/Rho.htm'>Take me to symbol documentation</a>,Name->Sym
Monadic: Shape Of<br/><br/>What does this glyph look like?,⍴ <br/><br/><a href='https://help.dyalog.com/18.2/Content/Language/Symbols/Rho.htm'>Take me to symbol documentation</a>,Name->Sym
Dyadic: Reshape<br/><br/>What does this glyph look like?,⍴ <br/><br/><a href='https://help.dyalog.com/18.2/Content/Language/Symbols/Rho.htm'>Take me to symbol documentation</a>,Name->Sym
⍴<br/><br/>What is this glyph called?  What's the Monadic/Dyadic names?,Rho <br/> Monadic: Shape Of <br/> Dyadic: Reshape <br/><br/><a href='https://help.dyalog.com/18.2/Content/Language/Symbols/Rho.htm'>Take me to symbol documentation</a>,Sym->Name
Comma<br/><br/>What does this glyph look like?,", <br/><br/><a href='https://help.dyalog.com/18.2/Content/Language/Symbols/Comma.htm'>Take me to symbol documentation</a>",Name->Sym
Monadic: Ravel<br/><br/>What does this glyph look like?,", <br/><br/><a href='https://help.dyalog.com/18.2/Content/Language/Symbols/Comma.htm'>Take me to symbol documentation</a>",Name->Sym
"Dyadic: Catenate/Laminate
(Join)<br/><br/>What does this glyph look like?",", <br/><br/><a href='https://help.dyalog.com/18.2/Content/Language/Symbols/Comma.htm'>Take me to symbol documentation</a>",Name->Sym
",<br/><br/>What is this glyph called?  What's the Monadic/Dyadic names?","Comma <br/> Monadic: Ravel <br/> Dyadic: Catenate/Laminate
(Join) <br/><br/><a href='https://help.dyalog.com/18.2/Content/Language/Symbols/Comma.htm'>Take me to symbol documentation</a>",Sym->Name
Comma Bar<br/><br/>What does this glyph look like?,⍪ <br/><br/><a href='https://help.dyalog.com/18.2/Content/Language/Symbols/Comma Bar.htm'>Take me to symbol documentation</a>,Name->Sym
Monadic: Table<br/><br/>What does this glyph look like?,⍪ <br/><br/><a href='https://help.dyalog.com/18.2/Content/Language/Symbols/Comma Bar.htm'>Take me to symbol documentation</a>,Name->Sym
Dyadic: Catenate First<br/><br/>What does this glyph look like?,⍪ <br/><br/><a href='https://help.dyalog.com/18.2/Content/Language/Symbols/Comma Bar.htm'>Take me to symbol documentation</a>,Name->Sym
⍪<br/><br/>What is this glyph called?  What's the Monadic/Dyadic names?,Comma Bar <br/> Monadic: Table <br/> Dyadic: Catenate First <br/><br/><a href='https://help.dyalog.com/18.2/Content/Language/Symbols/Comma Bar.htm'>Take me to symbol documentation</a>,Sym->Name
Circle Stile<br/><br/>What does this glyph look like?,⌽ <br/><br/><a href='https://help.dyalog.com/18.2/Content/Language/Symbols/Circle Stile.htm'>Take me to symbol documentation</a>,Name->Sym
Monadic: Reverse<br/><br/>What does this glyph look like?,⌽ <br/><br/><a href='https://help.dyalog.com/18.2/Content/Language/Symbols/Circle Stile.htm'>Take me to symbol documentation</a>,Name->Sym
Dyadic: Rotate<br/><br/>What does this glyph look like?,⌽ <br/><br/><a href='https://help.dyalog.com/18.2/Content/Language/Symbols/Circle Stile.htm'>Take me to symbol documentation</a>,Name->Sym
⌽<br/><br/>What is this glyph called?  What's the Monadic/Dyadic names?,Circle Stile <br/> Monadic: Reverse <br/> Dyadic: Rotate <br/><br/><a href='https://help.dyalog.com/18.2/Content/Language/Symbols/Circle Stile.htm'>Take me to symbol documentation</a>,Sym->Name
Circle Bar<br/><br/>What does this glyph look like?,⊖ <br/><br/><a href='https://help.dyalog.com/18.2/Content/Language/Symbols/Circle Bar.htm'>Take me to symbol documentation</a>,Name->Sym
Monadic: Reverse First<br/><br/>What does this glyph look like?,⊖ <br/><br/><a href='https://help.dyalog.com/18.2/Content/Language/Symbols/Circle Bar.htm'>Take me to symbol documentation</a>,Name->Sym
Dyadic: Rotate First<br/><br/>What does this glyph look like?,⊖ <br/><br/><a href='https://help.dyalog.com/18.2/Content/Language/Symbols/Circle Bar.htm'>Take me to symbol documentation</a>,Name->Sym
⊖<br/><br/>What is this glyph called?  What's the Monadic/Dyadic names?,Circle Bar <br/> Monadic: Reverse First <br/> Dyadic: Rotate First <br/><br/><a href='https://help.dyalog.com/18.2/Content/Language/Symbols/Circle Bar.htm'>Take me to symbol documentation</a>,Sym->Name
Circle Backslash<br/><br/>What does this glyph look like?,⍉ <br/><br/><a href='https://help.dyalog.com/18.2/Content/Language/Symbols/Transpose.htm'>Take me to symbol documentation</a>,Name->Sym
Monadic: Transpose<br/><br/>What does this glyph look like?,⍉ <br/><br/><a href='https://help.dyalog.com/18.2/Content/Language/Symbols/Transpose.htm'>Take me to symbol documentation</a>,Name->Sym
Dyadic: DyadicTranspose<br/><br/>What does this glyph look like?,⍉ <br/><br/><a href='https://help.dyalog.com/18.2/Content/Language/Symbols/Transpose.htm'>Take me to symbol documentation</a>,Name->Sym
⍉<br/><br/>What is this glyph called?  What's the Monadic/Dyadic names?,Circle Backslash <br/> Monadic: Transpose <br/> Dyadic: DyadicTranspose <br/><br/><a href='https://help.dyalog.com/18.2/Content/Language/Symbols/Transpose.htm'>Take me to symbol documentation</a>,Sym->Name
Up Arrow<br/><br/>What does this glyph look like?,↑ <br/><br/><a href='https://help.dyalog.com/18.2/Content/Language/Symbols/Up Arrow.htm'>Take me to symbol documentation</a>,Name->Sym
Monadic: If ⎕ML<2 Mix<br/><br/>What does this glyph look like?,↑ <br/><br/><a href='https://help.dyalog.com/18.2/Content/Language/Symbols/Up Arrow.htm'>Take me to symbol documentation</a>,Name->Sym
Dyadic: Take<br/><br/>What does this glyph look like?,↑ <br/><br/><a href='https://help.dyalog.com/18.2/Content/Language/Symbols/Up Arrow.htm'>Take me to symbol documentation</a>,Name->Sym
↑<br/><br/>What is this glyph called?  What's the Monadic/Dyadic names?,Up Arrow <br/> Monadic: If ⎕ML<2 Mix <br/> Dyadic: Take <br/><br/><a href='https://help.dyalog.com/18.2/Content/Language/Symbols/Up Arrow.htm'>Take me to symbol documentation</a>,Sym->Name
Down Arrow<br/><br/>What does this glyph look like?,↓ <br/><br/><a href='https://help.dyalog.com/18.2/Content/Language/Symbols/Down Arrow.htm'>Take me to symbol documentation</a>,Name->Sym
Monadic: Split<br/><br/>What does this glyph look like?,↓ <br/><br/><a href='https://help.dyalog.com/18.2/Content/Language/Symbols/Down Arrow.htm'>Take me to symbol documentation</a>,Name->Sym
Dyadic: Drop<br/><br/>What does this glyph look like?,↓ <br/><br/><a href='https://help.dyalog.com/18.2/Content/Language/Symbols/Down Arrow.htm'>Take me to symbol documentation</a>,Name->Sym
↓<br/><br/>What is this glyph called?  What's the Monadic/Dyadic names?,Down Arrow <br/> Monadic: Split <br/> Dyadic: Drop <br/><br/><a href='https://help.dyalog.com/18.2/Content/Language/Symbols/Down Arrow.htm'>Take me to symbol documentation</a>,Sym->Name
Left Shoe<br/><br/>What does this glyph look like?,⊂ <br/><br/><a href='https://help.dyalog.com/18.2/Content/Language/Symbols/Left Shoe.htm'>Take me to symbol documentation</a>,Name->Sym
Monadic: Enclose<br/><br/>What does this glyph look like?,⊂ <br/><br/><a href='https://help.dyalog.com/18.2/Content/Language/Symbols/Left Shoe.htm'>Take me to symbol documentation</a>,Name->Sym
Dyadic: If ⎕ML<3 Partitioned Enclose<br/><br/>What does this glyph look like?,⊂ <br/><br/><a href='https://help.dyalog.com/18.2/Content/Language/Symbols/Left Shoe.htm'>Take me to symbol documentation</a>,Name->Sym
⊂<br/><br/>What is this glyph called?  What's the Monadic/Dyadic names?,Left Shoe <br/> Monadic: Enclose <br/> Dyadic: If ⎕ML<3 Partitioned Enclose <br/><br/><a href='https://help.dyalog.com/18.2/Content/Language/Symbols/Left Shoe.htm'>Take me to symbol documentation</a>,Sym->Name
Left Shoe Underbar<br/><br/>What does this glyph look like?,⊆ <br/><br/><a href='https://help.dyalog.com/18.2/Content/Language/Symbols/Left Shoe Underbar.htm'>Take me to symbol documentation</a>,Name->Sym
Monadic: Nest<br/><br/>What does this glyph look like?,⊆ <br/><br/><a href='https://help.dyalog.com/18.2/Content/Language/Symbols/Left Shoe Underbar.htm'>Take me to symbol documentation</a>,Name->Sym
Dyadic: Partition<br/><br/>What does this glyph look like?,⊆ <br/><br/><a href='https://help.dyalog.com/18.2/Content/Language/Symbols/Left Shoe Underbar.htm'>Take me to symbol documentation</a>,Name->Sym
⊆<br/><br/>What is this glyph called?  What's the Monadic/Dyadic names?,Left Shoe Underbar <br/> Monadic: Nest <br/> Dyadic: Partition <br/><br/><a href='https://help.dyalog.com/18.2/Content/Language/Symbols/Left Shoe Underbar.htm'>Take me to symbol documentation</a>,Sym->Name
Right Shoe<br/><br/>What does this glyph look like?,⊃ <br/><br/><a href='https://help.dyalog.com/18.2/Content/Language/Symbols/Right Shoe.htm'>Take me to symbol documentation</a>,Name->Sym
Monadic: If ⎕ML<2Disclose;First<br/><br/>What does this glyph look like?,⊃ <br/><br/><a href='https://help.dyalog.com/18.2/Content/Language/Symbols/Right Shoe.htm'>Take me to symbol documentation</a>,Name->Sym
Dyadic: Pick<br/><br/>What does this glyph look like?,⊃ <br/><br/><a href='https://help.dyalog.com/18.2/Content/Language/Symbols/Right Shoe.htm'>Take me to symbol documentation</a>,Name->Sym
⊃<br/><br/>What is this glyph called?  What's the Monadic/Dyadic names?,Right Shoe <br/> Monadic: If ⎕ML<2Disclose;First <br/> Dyadic: Pick <br/><br/><a href='https://help.dyalog.com/18.2/Content/Language/Symbols/Right Shoe.htm'>Take me to symbol documentation</a>,Sym->Name
Epsilon<br/><br/>What does this glyph look like?,∊ <br/><br/><a href='https://help.dyalog.com/18.2/Content/Language/Symbols/Epsilon.htm'>Take me to symbol documentation</a>,Name->Sym
Monadic: If ⎕ML=0 Type Of<br/><br/>What does this glyph look like?,∊ <br/><br/><a href='https://help.dyalog.com/18.2/Content/Language/Symbols/Epsilon.htm'>Take me to symbol documentation</a>,Name->Sym
Dyadic: Member Of<br/><br/>What does this glyph look like?,∊ <br/><br/><a href='https://help.dyalog.com/18.2/Content/Language/Symbols/Epsilon.htm'>Take me to symbol documentation</a>,Name->Sym
∊<br/><br/>What is this glyph called?  What's the Monadic/Dyadic names?,Epsilon <br/> Monadic: If ⎕ML=0 Type Of <br/> Dyadic: Member Of <br/><br/><a href='https://help.dyalog.com/18.2/Content/Language/Symbols/Epsilon.htm'>Take me to symbol documentation</a>,Sym->Name
Epsilon Underbar<br/><br/>What does this glyph look like?,⍷ <br/><br/><a href='https://help.dyalog.com/18.2/Content/Language/Symbols/Epsilon Underbar.htm'>Take me to symbol documentation</a>,Name->Sym
Dyadic: Find<br/><br/>What does this glyph look like?,⍷ <br/><br/><a href='https://help.dyalog.com/18.2/Content/Language/Symbols/Epsilon Underbar.htm'>Take me to symbol documentation</a>,Name->Sym
⍷<br/><br/>What is this glyph called?  What's the Monadic/Dyadic names?,Epsilon Underbar <br/> Dyadic: Find <br/><br/><a href='https://help.dyalog.com/18.2/Content/Language/Symbols/Epsilon Underbar.htm'>Take me to symbol documentation</a>,Sym->Name
Slash<br/><br/>What does this glyph look like?,/ <br/><br/><a href='https://help.dyalog.com/18.2/Content/Language/Symbols/Slash.htm'>Take me to symbol documentation</a>,Name->Sym
Dyadic: Replicate<br/><br/>What does this glyph look like?,/ <br/><br/><a href='https://help.dyalog.com/18.2/Content/Language/Symbols/Slash.htm'>Take me to symbol documentation</a>,Name->Sym
": Reduce, N-Wise Reduce<br/><br/>What does this glyph look like?",/ <br/><br/><a href='https://help.dyalog.com/18.2/Content/Language/Symbols/Slash.htm'>Take me to symbol documentation</a>,Name->Sym
/<br/><br/>What is this glyph called?  What's the Monadic/Dyadic names?,"Slash <br/> Dyadic: Replicate <br/> : Reduce, N-Wise Reduce <br/><br/><a href='https://help.dyalog.com/18.2/Content/Language/Symbols/Slash.htm'>Take me to symbol documentation</a>",Sym->Name
Slash Bar<br/><br/>What does this glyph look like?,⌿ <br/><br/><a href='https://help.dyalog.com/18.2/Content/Language/Symbols/Slash Bar.htm'>Take me to symbol documentation</a>,Name->Sym
Dyadic: Replicate First (Compress First)<br/><br/>What does this glyph look like?,⌿ <br/><br/><a href='https://help.dyalog.com/18.2/Content/Language/Symbols/Slash Bar.htm'>Take me to symbol documentation</a>,Name->Sym
": Reduce First,  Reduce First N-Wise<![CDATA[     ]]><br/><br/>What does this glyph look like?",⌿ <br/><br/><a href='https://help.dyalog.com/18.2/Content/Language/Symbols/Slash Bar.htm'>Take me to symbol documentation</a>,Name->Sym
⌿<br/><br/>What is this glyph called?  What's the Monadic/Dyadic names?,"Slash Bar <br/> Dyadic: Replicate First (Compress First) <br/> : Reduce First,  Reduce First N-Wise<![CDATA[     ]]> <br/><br/><a href='https://help.dyalog.com/18.2/Content/Language/Symbols/Slash Bar.htm'>Take me to symbol documentation</a>",Sym->Name
Back Slash<br/><br/>What does this glyph look like?,\ <br/><br/><a href='https://help.dyalog.com/18.2/Content/Language/Symbols/Slope.htm'>Take me to symbol documentation</a>,Name->Sym
Dyadic: Expand<br/><br/>What does this glyph look like?,\ <br/><br/><a href='https://help.dyalog.com/18.2/Content/Language/Symbols/Slope.htm'>Take me to symbol documentation</a>,Name->Sym
: Scan<br/><br/>What does this glyph look like?,\ <br/><br/><a href='https://help.dyalog.com/18.2/Content/Language/Symbols/Slope.htm'>Take me to symbol documentation</a>,Name->Sym
\<br/><br/>What is this glyph called?  What's the Monadic/Dyadic names?,Back Slash <br/> Dyadic: Expand <br/> : Scan <br/><br/><a href='https://help.dyalog.com/18.2/Content/Language/Symbols/Slope.htm'>Take me to symbol documentation</a>,Sym->Name
Back Slash Bar<br/><br/>What does this glyph look like?,⍀ <br/><br/><a href='https://help.dyalog.com/18.2/Content/Language/Symbols/Slope Bar.htm'>Take me to symbol documentation</a>,Name->Sym
Dyadic: Expand  First<br/><br/>What does this glyph look like?,⍀ <br/><br/><a href='https://help.dyalog.com/18.2/Content/Language/Symbols/Slope Bar.htm'>Take me to symbol documentation</a>,Name->Sym
: Scan First<br/><br/>What does this glyph look like?,⍀ <br/><br/><a href='https://help.dyalog.com/18.2/Content/Language/Symbols/Slope Bar.htm'>Take me to symbol documentation</a>,Name->Sym
⍀<br/><br/>What is this glyph called?  What's the Monadic/Dyadic names?,Back Slash Bar <br/> Dyadic: Expand  First <br/> : Scan First <br/><br/><a href='https://help.dyalog.com/18.2/Content/Language/Symbols/Slope Bar.htm'>Take me to symbol documentation</a>,Sym->Name
Up Shoe<br/><br/>What does this glyph look like?,∩ <br/><br/><a href='https://help.dyalog.com/18.2/Content/Language/Symbols/Set Intersection.htm'>Take me to symbol documentation</a>,Name->Sym
Dyadic: Intersection<br/><br/>What does this glyph look like?,∩ <br/><br/><a href='https://help.dyalog.com/18.2/Content/Language/Symbols/Set Intersection.htm'>Take me to symbol documentation</a>,Name->Sym
∩<br/><br/>What is this glyph called?  What's the Monadic/Dyadic names?,Up Shoe <br/> Dyadic: Intersection <br/><br/><a href='https://help.dyalog.com/18.2/Content/Language/Symbols/Set Intersection.htm'>Take me to symbol documentation</a>,Sym->Name
Down Shoe<br/><br/>What does this glyph look like?,∪ <br/><br/><a href='https://help.dyalog.com/18.2/Content/Language/Symbols/Set Union.htm'>Take me to symbol documentation</a>,Name->Sym
Monadic: Unique<br/><br/>What does this glyph look like?,∪ <br/><br/><a href='https://help.dyalog.com/18.2/Content/Language/Symbols/Set Union.htm'>Take me to symbol documentation</a>,Name->Sym
Dyadic: Union<br/><br/>What does this glyph look like?,∪ <br/><br/><a href='https://help.dyalog.com/18.2/Content/Language/Symbols/Set Union.htm'>Take me to symbol documentation</a>,Name->Sym
∪<br/><br/>What is this glyph called?  What's the Monadic/Dyadic names?,Down Shoe <br/> Monadic: Unique <br/> Dyadic: Union <br/><br/><a href='https://help.dyalog.com/18.2/Content/Language/Symbols/Set Union.htm'>Take me to symbol documentation</a>,Sym->Name
Iota<br/><br/>What does this glyph look like?,⍳ <br/><br/><a href='https://help.dyalog.com/18.2/Content/Language/Symbols/Iota.htm'>Take me to symbol documentation</a>,Name->Sym
Monadic: Index Generator<br/><br/>What does this glyph look like?,⍳ <br/><br/><a href='https://help.dyalog.com/18.2/Content/Language/Symbols/Iota.htm'>Take me to symbol documentation</a>,Name->Sym
Dyadic: Index Of<br/><br/>What does this glyph look like?,⍳ <br/><br/><a href='https://help.dyalog.com/18.2/Content/Language/Symbols/Iota.htm'>Take me to symbol documentation</a>,Name->Sym
⍳<br/><br/>What is this glyph called?  What's the Monadic/Dyadic names?,Iota <br/> Monadic: Index Generator <br/> Dyadic: Index Of <br/><br/><a href='https://help.dyalog.com/18.2/Content/Language/Symbols/Iota.htm'>Take me to symbol documentation</a>,Sym->Name
Iota Underbar<br/><br/>What does this glyph look like?,⍸ <br/><br/><a href='https://help.dyalog.com/18.2/Content/Language/Symbols/Iota Underbar.htm'>Take me to symbol documentation</a>,Name->Sym
Monadic: Where<br/><br/>What does this glyph look like?,⍸ <br/><br/><a href='https://help.dyalog.com/18.2/Content/Language/Symbols/Iota Underbar.htm'>Take me to symbol documentation</a>,Name->Sym
Dyadic: Interval Index<br/><br/>What does this glyph look like?,⍸ <br/><br/><a href='https://help.dyalog.com/18.2/Content/Language/Symbols/Iota Underbar.htm'>Take me to symbol documentation</a>,Name->Sym
⍸<br/><br/>What is this glyph called?  What's the Monadic/Dyadic names?,Iota Underbar <br/> Monadic: Where <br/> Dyadic: Interval Index <br/><br/><a href='https://help.dyalog.com/18.2/Content/Language/Symbols/Iota Underbar.htm'>Take me to symbol documentation</a>,Sym->Name
Squad<br/><br/>What does this glyph look like?,⌷ <br/><br/><a href='https://help.dyalog.com/18.2/Content/Language/Symbols/Index Symbol.htm'>Take me to symbol documentation</a>,Name->Sym
: Materialise<br/><br/>What does this glyph look like?,⌷ <br/><br/><a href='https://help.dyalog.com/18.2/Content/Language/Symbols/Index Symbol.htm'>Take me to symbol documentation</a>,Name->Sym
: Index<br/><br/>What does this glyph look like?,⌷ <br/><br/><a href='https://help.dyalog.com/18.2/Content/Language/Symbols/Index Symbol.htm'>Take me to symbol documentation</a>,Name->Sym
⌷<br/><br/>What is this glyph called?  What's the Monadic/Dyadic names?,Squad <br/> : Materialise <br/> : Index <br/><br/><a href='https://help.dyalog.com/18.2/Content/Language/Symbols/Index Symbol.htm'>Take me to symbol documentation</a>,Sym->Name
Grade Up<br/><br/>What does this glyph look like?,⍋ <br/><br/><a href='https://help.dyalog.com/18.2/Content/Language/Symbols/Grade Up.htm'>Take me to symbol documentation</a>,Name->Sym
Monadic: Grade Up<br/><br/>What does this glyph look like?,⍋ <br/><br/><a href='https://help.dyalog.com/18.2/Content/Language/Symbols/Grade Up.htm'>Take me to symbol documentation</a>,Name->Sym
Dyadic: Dyadic Grade Up<br/><br/>What does this glyph look like?,⍋ <br/><br/><a href='https://help.dyalog.com/18.2/Content/Language/Symbols/Grade Up.htm'>Take me to symbol documentation</a>,Name->Sym
⍋<br/><br/>What is this glyph called?  What's the Monadic/Dyadic names?,Grade Up <br/> Monadic: Grade Up <br/> Dyadic: Dyadic Grade Up <br/><br/><a href='https://help.dyalog.com/18.2/Content/Language/Symbols/Grade Up.htm'>Take me to symbol documentation</a>,Sym->Name
Grade Down<br/><br/>What does this glyph look like?,⍒ <br/><br/><a href='https://help.dyalog.com/18.2/Content/Language/Symbols/Grade Down.htm'>Take me to symbol documentation</a>,Name->Sym
Monadic: Grade Down<br/><br/>What does this glyph look like?,⍒ <br/><br/><a href='https://help.dyalog.com/18.2/Content/Language/Symbols/Grade Down.htm'>Take me to symbol documentation</a>,Name->Sym
Dyadic: Dyadic Grade Down<br/><br/>What does this glyph look like?,⍒ <br/><br/><a href='https://help.dyalog.com/18.2/Content/Language/Symbols/Grade Down.htm'>Take me to symbol documentation</a>,Name->Sym
⍒<br/><br/>What is this glyph called?  What's the Monadic/Dyadic names?,Grade Down <br/> Monadic: Grade Down <br/> Dyadic: Dyadic Grade Down <br/><br/><a href='https://help.dyalog.com/18.2/Content/Language/Symbols/Grade Down.htm'>Take me to symbol documentation</a>,Sym->Name
Hydrant<br/><br/>What does this glyph look like?,⍎ <br/><br/><a href='https://help.dyalog.com/18.2/Content/Language/Symbols/Execute Symbol.htm'>Take me to symbol documentation</a>,Name->Sym
Monadic: Execute expression<br/><br/>What does this glyph look like?,⍎ <br/><br/><a href='https://help.dyalog.com/18.2/Content/Language/Symbols/Execute Symbol.htm'>Take me to symbol documentation</a>,Name->Sym
Dyadic: Execute expression in given namespace<br/><br/>What does this glyph look like?,⍎ <br/><br/><a href='https://help.dyalog.com/18.2/Content/Language/Symbols/Execute Symbol.htm'>Take me to symbol documentation</a>,Name->Sym
⍎<br/><br/>What is this glyph called?  What's the Monadic/Dyadic names?,Hydrant <br/> Monadic: Execute expression <br/> Dyadic: Execute expression in given namespace <br/><br/><a href='https://help.dyalog.com/18.2/Content/Language/Symbols/Execute Symbol.htm'>Take me to symbol documentation</a>,Sym->Name
Thorn<br/><br/>What does this glyph look like?,⍕ <br/><br/><a href='https://help.dyalog.com/18.2/Content/Language/Symbols/Thorn Symbol.htm'>Take me to symbol documentation</a>,Name->Sym
Monadic: Format<br/><br/>What does this glyph look like?,⍕ <br/><br/><a href='https://help.dyalog.com/18.2/Content/Language/Symbols/Thorn Symbol.htm'>Take me to symbol documentation</a>,Name->Sym
Dyadic: Format By Specification<br/><br/>What does this glyph look like?,⍕ <br/><br/><a href='https://help.dyalog.com/18.2/Content/Language/Symbols/Thorn Symbol.htm'>Take me to symbol documentation</a>,Name->Sym
⍕<br/><br/>What is this glyph called?  What's the Monadic/Dyadic names?,Thorn <br/> Monadic: Format <br/> Dyadic: Format By Specification <br/><br/><a href='https://help.dyalog.com/18.2/Content/Language/Symbols/Thorn Symbol.htm'>Take me to symbol documentation</a>,Sym->Name
Up Tack<br/><br/>What does this glyph look like?,⊥ <br/><br/><a href='https://help.dyalog.com/18.2/Content/Language/Symbols/Decode Symbol.htm'>Take me to symbol documentation</a>,Name->Sym
Dyadic: Decode<br/><br/>What does this glyph look like?,⊥ <br/><br/><a href='https://help.dyalog.com/18.2/Content/Language/Symbols/Decode Symbol.htm'>Take me to symbol documentation</a>,Name->Sym
⊥<br/><br/>What is this glyph called?  What's the Monadic/Dyadic names?,Up Tack <br/> Dyadic: Decode <br/><br/><a href='https://help.dyalog.com/18.2/Content/Language/Symbols/Decode Symbol.htm'>Take me to symbol documentation</a>,Sym->Name
Down Tack<br/><br/>What does this glyph look like?,⊤ <br/><br/><a href='https://help.dyalog.com/18.2/Content/Language/Symbols/Encode Symbol.htm'>Take me to symbol documentation</a>,Name->Sym
Dyadic: Encode<br/><br/>What does this glyph look like?,⊤ <br/><br/><a href='https://help.dyalog.com/18.2/Content/Language/Symbols/Encode Symbol.htm'>Take me to symbol documentation</a>,Name->Sym
⊤<br/><br/>What is this glyph called?  What's the Monadic/Dyadic names?,Down Tack <br/> Dyadic: Encode <br/><br/><a href='https://help.dyalog.com/18.2/Content/Language/Symbols/Encode Symbol.htm'>Take me to symbol documentation</a>,Sym->Name
Left Tack<br/><br/>What does this glyph look like?,⊣ <br/><br/><a href='https://help.dyalog.com/18.2/Content/Language/Symbols/Left Tack.htm'>Take me to symbol documentation</a>,Name->Sym
Monadic: Same<br/><br/>What does this glyph look like?,⊣ <br/><br/><a href='https://help.dyalog.com/18.2/Content/Language/Symbols/Left Tack.htm'>Take me to symbol documentation</a>,Name->Sym
Dyadic: Left<br/><br/>What does this glyph look like?,⊣ <br/><br/><a href='https://help.dyalog.com/18.2/Content/Language/Symbols/Left Tack.htm'>Take me to symbol documentation</a>,Name->Sym
⊣<br/><br/>What is this glyph called?  What's the Monadic/Dyadic names?,Left Tack <br/> Monadic: Same <br/> Dyadic: Left <br/><br/><a href='https://help.dyalog.com/18.2/Content/Language/Symbols/Left Tack.htm'>Take me to symbol documentation</a>,Sym->Name
Right Tack<br/><br/>What does this glyph look like?,⊢ <br/><br/><a href='https://help.dyalog.com/18.2/Content/Language/Symbols/Right Tack.htm'>Take me to symbol documentation</a>,Name->Sym
Monadic: Same<br/><br/>What does this glyph look like?,⊢ <br/><br/><a href='https://help.dyalog.com/18.2/Content/Language/Symbols/Right Tack.htm'>Take me to symbol documentation</a>,Name->Sym
Dyadic: Right<br/><br/>What does this glyph look like?,⊢ <br/><br/><a href='https://help.dyalog.com/18.2/Content/Language/Symbols/Right Tack.htm'>Take me to symbol documentation</a>,Name->Sym
⊢<br/><br/>What is this glyph called?  What's the Monadic/Dyadic names?,Right Tack <br/> Monadic: Same <br/> Dyadic: Right <br/><br/><a href='https://help.dyalog.com/18.2/Content/Language/Symbols/Right Tack.htm'>Take me to symbol documentation</a>,Sym->Name
Domino;Quad Divide<br/><br/>What does this glyph look like?,⌹ <br/><br/><a href='https://help.dyalog.com/18.2/Content/Language/Symbols/Domino.htm'>Take me to symbol documentation</a>,Name->Sym
Monadic: Matrix Inverse Of<br/><br/>What does this glyph look like?,⌹ <br/><br/><a href='https://help.dyalog.com/18.2/Content/Language/Symbols/Domino.htm'>Take me to symbol documentation</a>,Name->Sym
Dyadic: Matrix Division By<br/><br/>What does this glyph look like?,⌹ <br/><br/><a href='https://help.dyalog.com/18.2/Content/Language/Symbols/Domino.htm'>Take me to symbol documentation</a>,Name->Sym
⌹<br/><br/>What is this glyph called?  What's the Monadic/Dyadic names?,Domino;Quad Divide <br/> Monadic: Matrix Inverse Of <br/> Dyadic: Matrix Division By <br/><br/><a href='https://help.dyalog.com/18.2/Content/Language/Symbols/Domino.htm'>Take me to symbol documentation</a>,Sym->Name
Zilde;<br/><br/>What does this glyph look like?,⍬ <br/><br/><a href='https://help.dyalog.com/18.2/Content/Language/Symbols/Zilde Symbol.htm'>Take me to symbol documentation</a>,Name->Sym
: Zilde<br/><br/>What does this glyph look like?,⍬ <br/><br/><a href='https://help.dyalog.com/18.2/Content/Language/Symbols/Zilde Symbol.htm'>Take me to symbol documentation</a>,Name->Sym
⍬<br/><br/>What is this glyph called?  What's the Monadic/Dyadic names?,Zilde; <br/> : Zilde <br/><br/><a href='https://help.dyalog.com/18.2/Content/Language/Symbols/Zilde Symbol.htm'>Take me to symbol documentation</a>,Sym->Name
Right Arrow<br/><br/>What does this glyph look like?,→ <br/><br/><a href='https://help.dyalog.com/18.2/Content/Language/Symbols/Right Arrow.htm'>Take me to symbol documentation</a>,Name->Sym
Monadic: Branch<br/><br/>What does this glyph look like?,→ <br/><br/><a href='https://help.dyalog.com/18.2/Content/Language/Symbols/Right Arrow.htm'>Take me to symbol documentation</a>,Name->Sym
→<br/><br/>What is this glyph called?  What's the Monadic/Dyadic names?,Right Arrow <br/> Monadic: Branch <br/><br/><a href='https://help.dyalog.com/18.2/Content/Language/Symbols/Right Arrow.htm'>Take me to symbol documentation</a>,Sym->Name
Left Arrow<br/><br/>What does this glyph look like?,← <br/><br/><a href='https://help.dyalog.com/18.2/Content/Language/Symbols/Left Arrow.htm'>Take me to symbol documentation</a>,Name->Sym
Dyadic: Naming<br/><br/>What does this glyph look like?,← <br/><br/><a href='https://help.dyalog.com/18.2/Content/Language/Symbols/Left Arrow.htm'>Take me to symbol documentation</a>,Name->Sym
: Modified Assignment<br/><br/>What does this glyph look like?,← <br/><br/><a href='https://help.dyalog.com/18.2/Content/Language/Symbols/Left Arrow.htm'>Take me to symbol documentation</a>,Name->Sym
←<br/><br/>What is this glyph called?  What's the Monadic/Dyadic names?,Left Arrow <br/> Dyadic: Naming <br/> : Modified Assignment <br/><br/><a href='https://help.dyalog.com/18.2/Content/Language/Symbols/Left Arrow.htm'>Take me to symbol documentation</a>,Sym->Name
Diaeresis<br/><br/>What does this glyph look like?,¨ <br/><br/><a href='https://help.dyalog.com/18.2/Content/Language/Symbols/Dieresis.htm'>Take me to symbol documentation</a>,Name->Sym
Monadic: Each (with monadic operand) or Each (with dyadic operand)<br/><br/>What does this glyph look like?,¨ <br/><br/><a href='https://help.dyalog.com/18.2/Content/Language/Symbols/Dieresis.htm'>Take me to symbol documentation</a>,Name->Sym
: Each (with monadic operand) or Each (with dyadic operand)<br/><br/>What does this glyph look like?,¨ <br/><br/><a href='https://help.dyalog.com/18.2/Content/Language/Symbols/Dieresis.htm'>Take me to symbol documentation</a>,Name->Sym
¨<br/><br/>What is this glyph called?  What's the Monadic/Dyadic names?,Diaeresis <br/> Monadic: Each (with monadic operand) or Each (with dyadic operand) <br/> : Each (with monadic operand) or Each (with dyadic operand) <br/><br/><a href='https://help.dyalog.com/18.2/Content/Language/Symbols/Dieresis.htm'>Take me to symbol documentation</a>,Sym->Name
Tilde Diaeresis<br/><br/>What does this glyph look like?,⍨ <br/><br/><a href='https://help.dyalog.com/18.2/Content/Language/Symbols/Dieresis Tilde.htm'>Take me to symbol documentation</a>,Name->Sym
MonadicDyadic: Commute<br/><br/>What does this glyph look like?,⍨ <br/><br/><a href='https://help.dyalog.com/18.2/Content/Language/Symbols/Dieresis Tilde.htm'>Take me to symbol documentation</a>,Name->Sym
: Commute<br/><br/>What does this glyph look like?,⍨ <br/><br/><a href='https://help.dyalog.com/18.2/Content/Language/Symbols/Dieresis Tilde.htm'>Take me to symbol documentation</a>,Name->Sym
⍨<br/><br/>What is this glyph called?  What's the Monadic/Dyadic names?,Tilde Diaeresis <br/> MonadicDyadic: Commute <br/> : Commute <br/><br/><a href='https://help.dyalog.com/18.2/Content/Language/Symbols/Dieresis Tilde.htm'>Take me to symbol documentation</a>,Sym->Name
Jot<br/><br/>What does this glyph look like?,∘ <br/><br/><a href='https://help.dyalog.com/18.2/Content/Language/Symbols/Jot.htm'>Take me to symbol documentation</a>,Name->Sym
Dyadic: Beside or Bind<br/><br/>What does this glyph look like?,∘ <br/><br/><a href='https://help.dyalog.com/18.2/Content/Language/Symbols/Jot.htm'>Take me to symbol documentation</a>,Name->Sym
: Beside or Bind<br/><br/>What does this glyph look like?,∘ <br/><br/><a href='https://help.dyalog.com/18.2/Content/Language/Symbols/Jot.htm'>Take me to symbol documentation</a>,Name->Sym
∘<br/><br/>What is this glyph called?  What's the Monadic/Dyadic names?,Jot <br/> Dyadic: Beside or Bind <br/> : Beside or Bind <br/><br/><a href='https://help.dyalog.com/18.2/Content/Language/Symbols/Jot.htm'>Take me to symbol documentation</a>,Sym->Name
Dot<br/><br/>What does this glyph look like?,. <br/><br/><a href='https://help.dyalog.com/18.2/Content/Language/Symbols/Dot.htm'>Take me to symbol documentation</a>,Name->Sym
DyadicDyadic: Inner Product<br/><br/>What does this glyph look like?,. <br/><br/><a href='https://help.dyalog.com/18.2/Content/Language/Symbols/Dot.htm'>Take me to symbol documentation</a>,Name->Sym
: Inner Product<br/><br/>What does this glyph look like?,. <br/><br/><a href='https://help.dyalog.com/18.2/Content/Language/Symbols/Dot.htm'>Take me to symbol documentation</a>,Name->Sym
: Outer Product<br/><br/>What does this glyph look like?,. <br/><br/><a href='https://help.dyalog.com/18.2/Content/Language/Symbols/Dot.htm'>Take me to symbol documentation</a>,Name->Sym
.<br/><br/>What is this glyph called?  What's the Monadic/Dyadic names?,Dot <br/> DyadicDyadic: Inner Product <br/> : Inner Product <br/> : Outer Product <br/><br/><a href='https://help.dyalog.com/18.2/Content/Language/Symbols/Dot.htm'>Take me to symbol documentation</a>,Sym->Name
Star Diaeresis<br/><br/>What does this glyph look like?,⍣ <br/><br/><a href='https://help.dyalog.com/18.2/Content/Language/Symbols/DieresisStar.htm'>Take me to symbol documentation</a>,Name->Sym
Dyadic: Power Operator<br/><br/>What does this glyph look like?,⍣ <br/><br/><a href='https://help.dyalog.com/18.2/Content/Language/Symbols/DieresisStar.htm'>Take me to symbol documentation</a>,Name->Sym
: Power Operator<br/><br/>What does this glyph look like?,⍣ <br/><br/><a href='https://help.dyalog.com/18.2/Content/Language/Symbols/DieresisStar.htm'>Take me to symbol documentation</a>,Name->Sym
⍣<br/><br/>What is this glyph called?  What's the Monadic/Dyadic names?,Star Diaeresis <br/> Dyadic: Power Operator <br/> : Power Operator <br/><br/><a href='https://help.dyalog.com/18.2/Content/Language/Symbols/DieresisStar.htm'>Take me to symbol documentation</a>,Sym->Name
Ampersand<br/><br/>What does this glyph look like?,& <br/><br/><a href='https://help.dyalog.com/18.2/Content/Language/Symbols/Ampersand.htm'>Take me to symbol documentation</a>,Name->Sym
Monadic: Spawn<br/><br/>What does this glyph look like?,& <br/><br/><a href='https://help.dyalog.com/18.2/Content/Language/Symbols/Ampersand.htm'>Take me to symbol documentation</a>,Name->Sym
: Spawn<br/><br/>What does this glyph look like?,& <br/><br/><a href='https://help.dyalog.com/18.2/Content/Language/Symbols/Ampersand.htm'>Take me to symbol documentation</a>,Name->Sym
&<br/><br/>What is this glyph called?  What's the Monadic/Dyadic names?,Ampersand <br/> Monadic: Spawn <br/> : Spawn <br/><br/><a href='https://help.dyalog.com/18.2/Content/Language/Symbols/Ampersand.htm'>Take me to symbol documentation</a>,Sym->Name
I-Beam<br/><br/>What does this glyph look like?,⌶ <br/><br/><a href='https://help.dyalog.com/18.2/Content/Language/Symbols/IBeam.htm#IBeam'>Take me to symbol documentation</a>,Name->Sym
": Monadic operator:  I-Beam

Provides a system-related service
determined by the left-operand value.<![CDATA[
]]><br/><br/>What does this glyph look like?",⌶ <br/><br/><a href='https://help.dyalog.com/18.2/Content/Language/Symbols/IBeam.htm#IBeam'>Take me to symbol documentation</a>,Name->Sym
⌶<br/><br/>What is this glyph called?  What's the Monadic/Dyadic names?,"I-Beam <br/> : Monadic operator:  I-Beam

Provides a system-related service
determined by the left-operand value.<![CDATA[
]]> <br/><br/><a href='https://help.dyalog.com/18.2/Content/Language/Symbols/IBeam.htm#IBeam'>Take me to symbol documentation</a>",Sym->Name
Variant<br/><br/>What does this glyph look like?,⍠ <br/><br/><a href='https://help.dyalog.com/18.2/Content/Language/Symbols/Variant.htm#Variant'>Take me to symbol documentation</a>,Name->Sym
⍠<br/><br/>What is this glyph called?  What's the Monadic/Dyadic names?,Variant <br/><br/><a href='https://help.dyalog.com/18.2/Content/Language/Symbols/Variant.htm#Variant'>Take me to symbol documentation</a>,Sym->Name
Quad Equal<br/><br/>What does this glyph look like?,⌸ <br/><br/><a href='https://help.dyalog.com/18.2/Content/Language/Symbols/Quad Equal.htm'>Take me to symbol documentation</a>,Name->Sym
Monadic: Key<br/><br/>What does this glyph look like?,⌸ <br/><br/><a href='https://help.dyalog.com/18.2/Content/Language/Symbols/Quad Equal.htm'>Take me to symbol documentation</a>,Name->Sym
: Key<br/><br/>What does this glyph look like?,⌸ <br/><br/><a href='https://help.dyalog.com/18.2/Content/Language/Symbols/Quad Equal.htm'>Take me to symbol documentation</a>,Name->Sym
⌸<br/><br/>What is this glyph called?  What's the Monadic/Dyadic names?,Quad Equal <br/> Monadic: Key <br/> : Key <br/><br/><a href='https://help.dyalog.com/18.2/Content/Language/Symbols/Quad Equal.htm'>Take me to symbol documentation</a>,Sym->Name
Quad Diamond<br/><br/>What does this glyph look like?,⌺ <br/><br/><a href='https://help.dyalog.com/18.2/Content/Language/Symbols/Quad Diamond.htm'>Take me to symbol documentation</a>,Name->Sym
Dyadic: Stencil<br/><br/>What does this glyph look like?,⌺ <br/><br/><a href='https://help.dyalog.com/18.2/Content/Language/Symbols/Quad Diamond.htm'>Take me to symbol documentation</a>,Name->Sym
: Stencil<br/><br/>What does this glyph look like?,⌺ <br/><br/><a href='https://help.dyalog.com/18.2/Content/Language/Symbols/Quad Diamond.htm'>Take me to symbol documentation</a>,Name->Sym
⌺<br/><br/>What is this glyph called?  What's the Monadic/Dyadic names?,Quad Diamond <br/> Dyadic: Stencil <br/> : Stencil <br/><br/><a href='https://help.dyalog.com/18.2/Content/Language/Symbols/Quad Diamond.htm'>Take me to symbol documentation</a>,Sym->Name
Jot Diaeresis<br/><br/>What does this glyph look like?,⍤ <br/><br/><a href='https://help.dyalog.com/18.2/Content/Language/Symbols/Jot Diaresis.htm'>Take me to symbol documentation</a>,Name->Sym
Dyadic: Atop<br/><br/>What does this glyph look like?,⍤ <br/><br/><a href='https://help.dyalog.com/18.2/Content/Language/Symbols/Jot Diaresis.htm'>Take me to symbol documentation</a>,Name->Sym
: Atop<br/><br/>What does this glyph look like?,⍤ <br/><br/><a href='https://help.dyalog.com/18.2/Content/Language/Symbols/Jot Diaresis.htm'>Take me to symbol documentation</a>,Name->Sym
⍤<br/><br/>What is this glyph called?  What's the Monadic/Dyadic names?,Jot Diaeresis <br/> Dyadic: Atop <br/> : Atop <br/><br/><a href='https://help.dyalog.com/18.2/Content/Language/Symbols/Jot Diaresis.htm'>Take me to symbol documentation</a>,Sym->Name
Circle Dieresis<br/><br/>What does this glyph look like?,⍥ <br/><br/><a href='https://help.dyalog.com/18.2/Content/Language/Symbols/Circle Dieresis.htm'>Take me to symbol documentation</a>,Name->Sym
Dyadic: Over<br/><br/>What does this glyph look like?,⍥ <br/><br/><a href='https://help.dyalog.com/18.2/Content/Language/Symbols/Circle Dieresis.htm'>Take me to symbol documentation</a>,Name->Sym
: Over<br/><br/>What does this glyph look like?,⍥ <br/><br/><a href='https://help.dyalog.com/18.2/Content/Language/Symbols/Circle Dieresis.htm'>Take me to symbol documentation</a>,Name->Sym
⍥<br/><br/>What is this glyph called?  What's the Monadic/Dyadic names?,Circle Dieresis <br/> Dyadic: Over <br/> : Over <br/><br/><a href='https://help.dyalog.com/18.2/Content/Language/Symbols/Circle Dieresis.htm'>Take me to symbol documentation</a>,Sym->Name
At<br/><br/>What does this glyph look like?,@ <br/><br/><a href='https://help.dyalog.com/18.2/Content/Language/Symbols/At.htm'>Take me to symbol documentation</a>,Name->Sym
Dyadic: At<br/><br/>What does this glyph look like?,@ <br/><br/><a href='https://help.dyalog.com/18.2/Content/Language/Symbols/At.htm'>Take me to symbol documentation</a>,Name->Sym
: At<br/><br/>What does this glyph look like?,@ <br/><br/><a href='https://help.dyalog.com/18.2/Content/Language/Symbols/At.htm'>Take me to symbol documentation</a>,Name->Sym
@<br/><br/>What is this glyph called?  What's the Monadic/Dyadic names?,At <br/> Dyadic: At <br/> : At <br/><br/><a href='https://help.dyalog.com/18.2/Content/Language/Symbols/At.htm'>Take me to symbol documentation</a>,Sym->Name
Brackets<br/><br/>What does this glyph look like?,Brackets <br/><br/><a href='https://help.dyalog.com/18.2/Content/Language/Symbols/Brackets.htm'>Take me to symbol documentation</a>,Name->Sym
: Round brackets or parentheses are used in APL expressions to control the order of execution.  They are also used in function/operator headers to indicate Namelists.  A right parenthesis is also used to introduce a System Command.<br/><br/>What does this glyph look like?,Brackets <br/><br/><a href='https://help.dyalog.com/18.2/Content/Language/Symbols/Brackets.htm'>Take me to symbol documentation</a>,Name->Sym
: Square brackets have three distinct meanings in Dyalog APL. They are used to select sub-arrays from an n-dimensional array and to indicate an axis along which a function (operand) is to apply. See Bracket Indexing and Bracket Axis Operator. A right bracket is also used to introduce a User Command.<br/><br/>What does this glyph look like?,Brackets <br/><br/><a href='https://help.dyalog.com/18.2/Content/Language/Symbols/Brackets.htm'>Take me to symbol documentation</a>,Name->Sym
: Curly brackets have three distinct meanings in Dyalog APL. They are used to indicate shy results and optional left arguments in defined functions. They are also used to enclose the definition of a dfn and a dop. See Model Syntax and Dfns & Dops.<br/><br/>What does this glyph look like?,Brackets <br/><br/><a href='https://help.dyalog.com/18.2/Content/Language/Symbols/Brackets.htm'>Take me to symbol documentation</a>,Name->Sym
Brackets<br/><br/>What is this glyph called?  What's the Monadic/Dyadic names?,Brackets <br/> : Round brackets or parentheses are used in APL expressions to control the order of execution.  They are also used in function/operator headers to indicate Namelists.  A right parenthesis is also used to introduce a System Command. <br/> : Square brackets have three distinct meanings in Dyalog APL. They are used to select sub-arrays from an n-dimensional array and to indicate an axis along which a function (operand) is to apply. See Bracket Indexing and Bracket Axis Operator. A right bracket is also used to introduce a User Command. <br/> : Curly brackets have three distinct meanings in Dyalog APL. They are used to indicate shy results and optional left arguments in defined functions. They are also used to enclose the definition of a dfn and a dop. See Model Syntax and Dfns & Dops. <br/><br/><a href='https://help.dyalog.com/18.2/Content/Language/Symbols/Brackets.htm'>Take me to symbol documentation</a>,Sym->Name
Hash is a namespace identifier.<br/><br/>What does this glyph look like?,Special Syntax <br/><br/><a href='https://help.dyalog.com/18.2/Content/Language/Symbols/Special Symbols.htm'>Take me to symbol documentation</a>,Name->Sym
Special Syntax<br/><br/>What is this glyph called?  What's the Monadic/Dyadic names?,Hash is a namespace identifier. <br/><br/><a href='https://help.dyalog.com/18.2/Content/Language/Symbols/Special Symbols.htm'>Take me to symbol documentation</a>,Sym->Name
